Workbook
Name PlataformasAprobadas: 'Catalogo de plataformas'!$A$3:$A$12

Sheet Inventario
A1: INSTRUCCIONES: complete una fila por cada solucion de Citizen Development. Las columnas J a O activan el calculo automatico de la columna 'Nivel de riesgo' (P) - no editar P ni T manualmente. Las filas 3-6 son EJEMPLOS (fondo gris) - bórrelas antes de usar el archivo real.
A2: ID | B2: Nombre de la solucion | C2: Tipo | D2: Descripcion breve | E2: Usuario / dueño | F2: Area | G2: Pais | H2: Herramienta utilizada | I2: Fecha de creacion | J2: Es parte de un Proceso critico de negocio? | K2: Alcance de uso | L2: Requiere conexion a sistema central / Data Lake? | M2: Usa datos personales (PII)? | N2: Requiere Publicación a Internet? | O2: Requiere Infraestructura dedicada? | P2: Nivel de riesgo | Q2: Estado | R2: Revisado por | S2: Fecha de ultima revision | T2: Proxima revision periodica | U2: Comentarios / observaciones
A3: CD-2026-001 | B3: Dashboard personal de seguimiento de tickets | C3: Dashboard | D3: Vista personal en Power BI de tickets propios del area de IT Run | E3: Jean Paul Corrales | F3: IT Run | G3: Peru | H3: Power BI | I3: 46063 | J3: Si | K3: Personal | L3: No | M3: No | N3: No | O3: Sandbox personal | P3: =IF($A3="","",IF(OR(J3="Si",L3="Si",M3="Si",N3="Si",O3="Si"),"Nivel 3",IF(OR(K3="Departamental",K3="Multi-area",K3="Multi-pais"),"Nivel 2","Nivel 1"))) -> Nivel 3 | Q3: Registrado | R3: N/A - autoregistro | S3: 46063 | T3: =IF(S3="","",IF(OR(P3="Nivel 1",P3="Nivel 2"),S3+180,"N/A")) -> N/A | U3: Ejemplo - uso individual, sin riesgo
A4: CD-2026-002 | B4: Reporte de ventas por consultora - Ecuador | C4: Reporte | D4: Reporte compartido con el equipo comercial de Ecuador | E4: Maria Fernanda Rios | F4: Comercial | G4: Ecuador | H4: Power BI | I4: 46037 | J4: No | K4: Departamental | L4: No | M4: No | N4: No | O4: Entorno compartido | P4: =IF($A4="","",IF(OR(J4="Si",L4="Si",M4="Si",N4="Si",O4="Si"),"Nivel 3",IF(OR(K4="Departamental",K4="Multi-area",K4="Multi-pais"),"Nivel 2","Nivel 1"))) -> Nivel 2 | Q4: En revision | R4: Comite de Citizen Development | S4: 46042 | T4: =IF(S4="","",IF(OR(P4="Nivel 1",P4="Nivel 2"),S4+180,"N/A")) -> 46222 | U4: Ejemplo - uso departamental, revision ligera
A5: CD-2026-003 | B5: Agente de seguimiento comercial con datos de clientes | C5: Agente de IA | D5: Automatizacion que consulta el CRM y envia alertas con datos de clientes | E5: Carlos Medina | F5: Comercial | G5: Corporativo | H5: Copilot Studio | I5: 46082 | J5: Si | K5: Multi-pais | L5: Si | M5: Si | N5: No | O5: Si | P5: =IF($A5="","",IF(OR(J5="Si",L5="Si",M5="Si",N5="Si",O5="Si"),"Nivel 3",IF(OR(K5="Departamental",K5="Multi-area",K5="Multi-pais"),"Nivel 2","Nivel 1"))) -> Nivel 3 | Q5: Aprobado - Comite N-1 | R5: Comite N-1 | S5: 46091 | T5: =IF(S5="","",IF(OR(P5="Nivel 1",P5="Nivel 2"),S5+180,"N/A")) -> N/A | U5: Ejemplo - requiere aprobacion ejecutiva por PII y conexion a CRM
A6: CD-2026-004 | B6: Portal publico de preguntas frecuentes para clientes | C6: App | D6: Chatbot publicado en la web para responder preguntas frecuentes de clientes | E6: Ana Torres | F6: Atencion al cliente | G6: Corporativo | H6: Claude | I6: 46073 | J6: No | K6: Multi-area | L6: No | M6: No | N6: Si | O6: Si | P6: =IF($A6="","",IF(OR(J6="Si",L6="Si",M6="Si",N6="Si",O6="Si"),"Nivel 3",IF(OR(K6="Departamental",K6="Multi-area",K6="Multi-pais"),"Nivel 2","Nivel 1"))) -> Nivel 3 | Q6: Rechazado | R6: Comite de Citizen Development | S6: 46078 | T6: =IF(S6="","",IF(OR(P6="Nivel 1",P6="Nivel 2"),S6+180,"N/A")) -> N/A | U6: Ejemplo - rechazado por exposicion publica sin validacion de seguridad
P7: =IF($A7="","",IF(OR(J7="Si",L7="Si",M7="Si",N7="Si",O7="Si"),"Nivel 3",IF(OR(K7="Departamental",K7="Multi-area",K7="Multi-pais"),"Nivel 2","Nivel 1"))) | T7: =IF(S7="","",IF(OR(P7="Nivel 1",P7="Nivel 2"),S7+180,"N/A"))
P8: =IF($A8="","",IF(OR(J8="Si",L8="Si",M8="Si",N8="Si",O8="Si"),"Nivel 3",IF(OR(K8="Departamental",K8="Multi-area",K8="Multi-pais"),"Nivel 2","Nivel 1"))) | T8: =IF(S8="","",IF(OR(P8="Nivel 1",P8="Nivel 2"),S8+180,"N/A"))
P9: =IF($A9="","",IF(OR(J9="Si",L9="Si",M9="Si",N9="Si",O9="Si"),"Nivel 3",IF(OR(K9="Departamental",K9="Multi-area",K9="Multi-pais"),"Nivel 2","Nivel 1"))) | T9: =IF(S9="","",IF(OR(P9="Nivel 1",P9="Nivel 2"),S9+180,"N/A"))
P10: =IF($A10="","",IF(OR(J10="Si",L10="Si",M10="Si",N10="Si",O10="Si"),"Nivel 3",IF(OR(K10="Departamental",K10="Multi-area",K10="Multi-pais"),"Nivel 2","Nivel 1"))) | T10: =IF(S10="","",IF(OR(P10="Nivel 1",P10="Nivel 2"),S10+180,"N/A"))
P11: =IF($A11="","",IF(OR(J11="Si",L11="Si",M11="Si",N11="Si",O11="Si"),"Nivel 3",IF(OR(K11="Departamental",K11="Multi-area",K11="Multi-pais"),"Nivel 2","Nivel 1"))) | T11: =IF(S11="","",IF(OR(P11="Nivel 1",P11="Nivel 2"),S11+180,"N/A"))
P12: =IF($A12="","",IF(OR(J12="Si",L12="Si",M12="Si",N12="Si",O12="Si"),"Nivel 3",IF(OR(K12="Departamental",K12="Multi-area",K12="Multi-pais"),"Nivel 2","Nivel 1"))) | T12: =IF(S12="","",IF(OR(P12="Nivel 1",P12="Nivel 2"),S12+180,"N/A"))
P13: =IF($A13="","",IF(OR(J13="Si",L13="Si",M13="Si",N13="Si",O13="Si"),"Nivel 3",IF(OR(K13="Departamental",K13="Multi-area",K13="Multi-pais"),"Nivel 2","Nivel 1"))) | T13: =IF(S13="","",IF(OR(P13="Nivel 1",P13="Nivel 2"),S13+180,"N/A"))
P14: =IF($A14="","",IF(OR(J14="Si",L14="Si",M14="Si",N14="Si",O14="Si"),"Nivel 3",IF(OR(K14="Departamental",K14="Multi-area",K14="Multi-pais"),"Nivel 2","Nivel 1"))) | T14: =IF(S14="","",IF(OR(P14="Nivel 1",P14="Nivel 2"),S14+180,"N/A"))
P15: =IF($A15="","",IF(OR(J15="Si",L15="Si",M15="Si",N15="Si",O15="Si"),"Nivel 3",IF(OR(K15="Departamental",K15="Multi-area",K15="Multi-pais"),"Nivel 2","Nivel 1"))) | T15: =IF(S15="","",IF(OR(P15="Nivel 1",P15="Nivel 2"),S15+180,"N/A"))
P16: =IF($A16="","",IF(OR(J16="Si",L16="Si",M16="Si",N16="Si",O16="Si"),"Nivel 3",IF(OR(K16="Departamental",K16="Multi-area",K16="Multi-pais"),"Nivel 2","Nivel 1"))) | T16: =IF(S16="","",IF(OR(P16="Nivel 1",P16="Nivel 2"),S16+180,"N/A"))
P17: =IF($A17="","",IF(OR(J17="Si",L17="Si",M17="Si",N17="Si",O17="Si"),"Nivel 3",IF(OR(K17="Departamental",K17="Multi-area",K17="Multi-pais"),"Nivel 2","Nivel 1"))) | T17: =IF(S17="","",IF(OR(P17="Nivel 1",P17="Nivel 2"),S17+180,"N/A"))
P18: =IF($A18="","",IF(OR(J18="Si",L18="Si",M18="Si",N18="Si",O18="Si"),"Nivel 3",IF(OR(K18="Departamental",K18="Multi-area",K18="Multi-pais"),"Nivel 2","Nivel 1"))) | T18: =IF(S18="","",IF(OR(P18="Nivel 1",P18="Nivel 2"),S18+180,"N/A"))
... P60: =IF($A60="","",IF(OR(J60="Si",L60="Si",M60="Si",N60="Si",O60="Si"),"Nivel 3",IF(OR(K60="Departamental",K60="Multi-area",K60="Multi-pais"),"Nivel 2","Nivel 1"))) | T60: =IF(S60="","",IF(OR(P60="Nivel 1",P60="Nivel 2"),S60+180,"N/A"))

Sheet Catalogo de plataformas
A1: Catalogo de plataformas de IA corporativa aprobadas para Citizen Development. PENDIENTE DE DEFINICION - la fila 3 es un ejemplo de formato, complete con el catalogo real.
A2: Plataforma | B2: Categoria | C2: Estado | D2: Comentario
A3: Ej: Microsoft 365 Copilot | B3: Transversal | C3: En evaluacion | D3: Fila de ejemplo - completar con el catalogo real, no usar como decision oficial

Sheet Resumen
A1: Resumen del inventario de Citizen Development
A3: Soluciones por nivel de riesgo
A4: Nivel 1 | B4: =COUNTIF(Inventario!$P$3:$P$60,"Nivel 1") -> 0
A5: Nivel 2 | B5: =COUNTIF(Inventario!$P$3:$P$60,"Nivel 2") -> 1
A6: Nivel 3 | B6: =COUNTIF(Inventario!$P$3:$P$60,"Nivel 3") -> 3
A7: Total registrado | B7: =COUNTA(Inventario!$A$3:$A$60) -> 4
A9: Soluciones por estado
A10: Registrado | B10: =COUNTIF(Inventario!$Q$3:$Q$60,"Registrado") -> 1
A11: En revision | B11: =COUNTIF(Inventario!$Q$3:$Q$60,"En revision") -> 1
A12: Aprobado - Comite Citizen Dev | B12: =COUNTIF(Inventario!$Q$3:$Q$60,"Aprobado - Comite Citizen Dev") -> 0
A13: Aprobado - Comite N-1 | B13: =COUNTIF(Inventario!$Q$3:$Q$60,"Aprobado - Comite N-1") -> 1
A14: Rechazado | B14: =COUNTIF(Inventario!$Q$3:$Q$60,"Rechazado") -> 1
A15: Reclasificado | B15: =COUNTIF(Inventario!$Q$3:$Q$60,"Reclasificado") -> 0
A17: Soluciones por area (ejemplo - ajustar segun areas reales)
A18: IT Run | B18: =COUNTIF(Inventario!$F$3:$F$60,"IT Run") -> 1
A19: Comercial | B19: =COUNTIF(Inventario!$F$3:$F$60,"Comercial") -> 2
A20: RRHH | B20: =COUNTIF(Inventario!$F$3:$F$60,"RRHH") -> 0
A21: Atencion al cliente | B21: =COUNTIF(Inventario!$F$3:$F$60,"Atencion al cliente") -> 1
A22: Marketing | B22: =COUNTIF(Inventario!$F$3:$F$60,"Marketing") -> 0
A23: Finanzas | B23: =COUNTIF(Inventario!$F$3:$F$60,"Finanzas") -> 0
A25: Seguimiento
A26: Revisiones periodicas vencidas | B26: =SUMPRODUCT((ISNUMBER(Inventario!$T$3:$T$60))*(Inventario!$T$3:$T$60<TODAY())) -> 1
